{"cameraMode":{"drawMode":0,"name":"Shaded","section":"Shading Mode"},"sceneLighting":true,"audioPlay":false,"sceneViewState":{"showFog":true,"showMaterialUpdate":false,"showSkybox":true,"showFlares":true,"showImageEffects":true,"showParticleSystems":true},"in2DMode":false,"pivot":{"x":0.0,"y":0.7400000095367432,"z":1.440000057220459},"rotation":{"x":0.25207918882369997,"y":-0.31503763794898989,"z":0.08718937635421753,"w":0.9108289480209351},"size":7.632168769836426,"orthographic":true}