{"cameraMode":{"drawMode":0,"name":"Shaded","section":"Shading Mode"},"sceneLighting":true,"audioPlay":false,"sceneViewState":{"showFog":true,"showMaterialUpdate":false,"showSkybox":true,"showFlares":true,"showImageEffects":true,"showParticleSystems":true},"in2DMode":false,"pivot":{"x":391.6315002441406,"y":254.3863067626953,"z":16.799448013305665},"rotation":{"x":0.0014997974503785372,"y":0.016499245539307596,"z":-0.000024750665033934638,"w":0.999862790107727},"size":270.9541931152344,"orthographic":true}